index,node_i,node_j,voltage,circuits,dc,x,r,capacity
LTGES0254,ES00681,ES00683,250,1,t,0.00025679,5.64938,346.41016151377545
